File Names,Names
24hour1(6)_License.jpg,L6C5513
24hour1(8)_License.jpg,11072LZ
24hour1(9)_License.jpg,1107ZL2
24hour1(40)_License.jpg,36116817
Driving(8)_N.jpg,SHT2140
Driving(9)_N.jpg,SHT2140
Driving(18)_N.jpg,SHT2140
Driving(19)_N.jpg,SHT2146
Driving(25)_N.jpg,153198
Driving(26)_N.jpg,153198
Driving(53)_N.jpg,595518
Driving(78)_N.jpg,144476
Driving(128)_N.jpg,P5159562
Driving(140)_N.jpg,53258
Driving(157)_N.jpg,2886
Driving(158)_N.jpg,2886
Driving(160)_N.jpg,SWR U 944 455
Driving(163)_N.jpg,SWR U 944 455
Driving(165)_N.jpg,SWR U 944 455
Driving(175)_N.jpg,877 2213213
Driving(184)_N.jpg,877.221.3213
Driving(185)_License.jpg,9704JL
Driving(186)_License.jpg,9704JL
Driving(192)_N.jpg,T196
Driving(196)_N.jpg,T196
Driving(198)_N.jpg,430394
Driving(199)_License.jpg,08B 649
Driving(199)_N.jpg,215373
Driving(201)_License.jpg,08B 649
Driving(206)_N.jpg,215373
Driving(211)_N.jpg,215373
Driving(218)_N.jpg,215373
Driving(219)_N.jpg,215373
Driving(227)_N.jpg,215373
Driving(228)_N.jpg,215373
Driving(248)_N.jpg,NE5363
Driving(249)_N.jpg,NE5363
Driving(251)_N.jpg,164168
Driving(253)_N.jpg,164168
Driving(268)_N.jpg,164168
Driving(270)_N.jpg,164168
Driving(272)_N.jpg,104
Driving(298)_N.jpg,061832'
Driving(319)_N.jpg,39936
Driving(321)_N.jpg,39936
IMG_9017_N.jpg,020'
IMG_9018_License.jpg,4UE8938
IMG_9018_N.jpg,020'
IMG_9026_N.jpg,140442
IMG_9029_License.jpg,2556478
IMG_9030_License.jpg,2556478
IMG_9031_License.jpg,2556478
IMG_9031_N.jpg,323 890 8100
IMG_9159_License.jpg,U931512
IMG_9159_N.jpg,432177Y
IMG_9161_License.jpg,432177Y
IMG_9161_N.jpg,W88717
IMG_9163_License.jpg,TL6252
IMG_9165_License.jpg,4ER5038
IMG_9165_N.jpg,329
IMG_9168_License.jpg,P660753
IMG_9177_N.jpg,86813
IMG_9187_N.jpg,R6043
IMG_9189_N.jpg,909 390 5007
IMG_9190_License.jpg,4PL6628
IMG_9192_License.jpg,4PL6628
IMG_9193_N.jpg,SWFZ136208
IMG_9198_N.jpg,TR67
IMG_9214_License.jpg,028848T
IMG_9217_N.jpg,SWFZ153670
IMG_9218_N.jpg,SWFZ153670
IMG_9224_N.jpg,520930
IMG_9227_N.jpg,537220
IMG_9228_N.jpg,537220
IMG_9229_License.jpg,28 40481
IMG_9231_License.jpg,28 40481
IMG_9234_License.jpg,3541KI
IMG_9287_N.jpg,U44220
IMG_9289_License.jpg,4FE4114
IMG_9302_License.jpg,8A78905
IMG_9306_N.jpg,SWFZ151655
IMG_9308_N.jpg,P53240
IMG_9317_N.jpg,5389
IMG_9319_License.jpg,P751596
IMG_9320_N.jpg,1 877 4 trk sales
MD(16)_N.jpg,92098
MD(19)_N.jpg,92098
MD(24)_N.jpg,92098
MD(34)_License.jpg,L589496
MD(37)_License.jpg,L589496
MD(48)_License.jpg,XP60032
MD(76)_N.jpg,PRTZ08809
MD(79)_N.jpg,PRTZ08809
MD(80)_N.jpg,PRTZ08809
MD(85)_N.jpg,PRTZ08809
MD(88)_N.jpg,PRTZ08809
MD(89)_N.jpg,PRTZ08809
MD(91)_N.jpg,PRTZ08809
MD(99)_N.jpg,PLTZ087966
MD(101)_N.jpg,PLTZ087966
MD(106)_N.jpg,PLTZ087966
MD(109)_N.jpg,PLTZ087966
MD(110)_N.jpg,PLTZ087966
MD(114)_License.jpg,P368345
MD(115)_License.jpg,P368345
MD(115)_N.jpg,821001
MD(116)_License.jpg,P368345
MD(119)_N.jpg,821001
MD(120)_N.jpg,821001
MD(125)_N.jpg,821001
MD(141)_N.jpg,MEQZ 268706
MD(148)_N.jpg,MEQZ 268706
MD(150)_N.jpg,MEQZ 268706
MD(152)_N.jpg,MEQZ 268706
security(1)_License.jpg,3178050
security(4)_License.jpg,22 97851
security(5)_License.jpg,22 97851
security(5)_N.jpg,6073
security(6)_License.jpg,22 97851
security(9)_License.jpg,P984236
security(9)_N.jpg,311 0291
security(12)_License.jpg,2533114
security(14)_License.jpg,B258KT
security(17)_N.jpg,1514
security(19)_N.jpg,1514
security(31)_License.jpg,3164JY
security(38)_License.jpg,57327K2
security(42)_License.jpg,U412437
security(47)_License.jpg,25 1075F
security(51)_License.jpg,9E78065
security(52)_N.jpg,516407
security(53)_N.jpg,516407
security(54)_N.jpg,516407
security(64)_N.jpg,4044
security(73)_License.jpg,WP97854
security(74)_License.jpg,WP97854
security(78)_N.jpg,25826
security(79)_N.jpg,25826
security(80)_N.jpg,4044
security(82)_License.jpg,W31060
security(85__N.jpg,25826
security(92)_N.jpg,W12916
snapshot_2021_11_05_11_15_08_License.jpg,2259LT
snapshot_2021_11_05_11_15_08_N.jpg,PRTZ088048
snapshot_2021_11_05_11_15_10_License.jpg,2259LT
snapshot_2021_11_05_11_15_52_License.jpg,XP80670
snapshot_2021_11_05_11_15_54_N.jpg,916 331 9111
snapshot_2021_11_05_11_15_55_N.jpg,916 331 9111
snapshot_2021_11_05_11_16_01_N.jpg,557
snapshot_2021_11_05_11_19_04_License.jpg,XP21163
snapshot_2021_11_05_11_19_06_License.jpg,XP21163
snapshot_2021_11_05_11_19_06_N.jpg,208
snapshot_2021_11_05_11_19_07_License.jpg,XP21163
snapshot_2021_11_05_11_19_07_N.jpg,208
snapshot_2021_11_05_11_23_08_N.jpg,CST 53V107
snapshot_2021_11_05_11_27_25_License.jpg,52713X2
snapshot_2021_11_05_11_27_42_License.jpg,2469113
snapshot_2021_11_05_11_35_04_License.jpg,XP47043
snapshot_2021_11_05_11_35_05_License.jpg,XP47043
snapshot_2021_11_05_11_44_02_License.jpg,YP25553
snapshot_2021_11_05_11_44_02_N.jpg,02'
snapshot_2021_11_05_11_44_38_License.jpg,8KCP733
snapshot_2021_11_05_11_47_27_License.jpg,XP38208
snapshot_2021_11_05_12_02_17 (1)_License.jpg,9G19919
snapshot_2021_11_05_12_33_08 (1)_License.jpg,14877N2
snapshot_2021_11_05_12_33_09_License.jpg,14877N2
snapshot_2021_11_05_12_34_22_License.jpg,4RZ6184
snapshot_2021_11_05_12_37_01_License.jpg,9F93750
snapshot_2021_11_05_12_42_54 (1)_License.jpg,LCK 5217
snapshot_2021_11_05_12_58_28_License.jpg,3176888
snapshot_2021_11_05_13_01_14_License.jpg,7GJA461
snapshot_2021_11_05_13_02_50_License.jpg,8LJP264
snapshot_2021_11_05_13_04_08_License.jpg,6RUV352
snapshot_2021_11_05_13_04_37_License.jpg,XP95332
snapshot_2021_11_05_13_05_23_License.jpg,7PDV549
snapshot_2021_11_05_13_05_51_License.jpg,8BJZ284
snapshot_2021_11_05_13_06_27_License.jpg,7R04569
snapshot_2021_11_05_13_07_02_License.jpg,6SYA157
snapshot_2021_11_05_13_07_09_License.jpg,7TVK315
snapshot_2021_11_05_13_12_26_License.jpg,6UKJ818
snapshot_2021_11_05_13_13_08_License.jpg,8SXL775
snapshot_2021_11_05_13_13_14_License.jpg,8GEG762
snapshot_2021_11_05_13_14_14_License.jpg,7VGH091
snapshot_2021_11_05_13_15_29_N.jpg,U2583
snapshot_2021_11_05_13_17_42_License.jpg,6LMX942
snapshot_2021_11_05_13_22_53_License.jpg,L827538
snapshot_2021_11_05_13_22_54_N.jpg,486330
snapshot_2021_11_05_13_23_04_N.jpg,U95668
snapshot_2021_11_05_13_36_41_License.jpg,P224180
snapshot_2021_11_05_13_36_42_License.jpg,P224180
snapshot_2021_11_05_13_36_43_License.jpg,P224180
snapshot_2021_11_05_13_47_33_N.jpg,PRTZ087758
snapshot_2021_11_05_13_59_17_License.jpg,11072L2
snapshot_2021_11_05_14_01_58_License.jpg,8UIP989
snapshot_2021_11_05_14_02_56_License.jpg,5SYL543
snapshot_2021_11_05_14_06_28 (1)_License.jpg,P954052
snapshot_2021_11_05_14_06_28 (1)_N.jpg,X13274
snapshot_2021_11_05_14_14_56_License.jpg,7FDH866
snapshot_2021_11_05_14_15_22_N.jpg,502
snapshot_2021_11_08_07_39_06_License.jpg,WP97854
snapshot_2021_11_08_07_39_06_N.jpg,001'
snapshot_2021_11_08_07_39_07 (1)_License.jpg,WP97854
snapshot_2021_11_08_09_51_01_License.jpg,4TR6713
snapshot_2021_11_08_09_51_02_License.jpg,4TR6713
snapshot_2021_11_08_09_51_03_License.jpg,4TR6713
snapshot_2021_11_08_09_52_35_License.jpg,7NBD647
snapshot_2021_11_08_09_53_23_License.jpg,2286777
snapshot_2021_11_08_09_53_23_N.jpg,PRTZ088099
snapshot_2021_11_08_09_53_24_License.jpg,2286777
snapshot_2021_11_08_09_53_24_N.jpg,PRTZ088099
snapshot_2021_11_08_09_57_55_License.jpg,P398575
snapshot_2021_11_08_09_57_56_License.jpg,P398575
snapshot_2021_11_08_10_06_33_License.jpg,9F84869
snapshot_2021_11_08_10_06_35_License.jpg,9F84869
snapshot_2021_11_08_10_06_40_License.jpg,XP68747
snapshot_2021_11_08_10_06_43_License.jpg,XP68747
snapshot_2021_11_08_10_06_45_License.jpg,XP68747
snapshot_2021_11_08_10_06_45_N.jpg,01'
snapshot_2021_11_08_10_27_14_License.jpg,2963772
snapshot_2021_11_08_10_27_27_License.jpg,XP40169
snapshot_2021_11_08_10_27_32 (1)_License.jpg,XP40169
snapshot_2021_11_08_10_28_15_N.jpg,R BTU 531 066
snapshot_2021_11_08_10_28_48 (1)_License.jpg,JC6 3BP
snapshot_2021_11_08_10_44_16_License.jpg,YP29872
snapshot_2021_11_08_10_44_16_N.jpg,03'
snapshot_2021_11_08_11_19_22_N.jpg,27639
snapshot_2021_11_08_11_24_36_License.jpg,7TJS181
snapshot_2021_11_08_11_24_36_N.jpg,27639
snapshot_2021_11_08_11_32_42_License.jpg,2286777
snapshot_2021_11_08_11_36_19 (1)_License.jpg,YP25553
snapshot_2021_11_08_11_36_28_License.jpg,26267V2
snapshot_2021_11_08_11_36_28_N.jpg,27639
snapshot_2021_11_08_11_37_23_License.jpg,44372C3
snapshot_2021_11_08_11_39_37_License.jpg,11072L2
snapshot_2021_11_08_11_41_40_License.jpg,3141899
snapshot_2021_11_08_11_52_52_N.jpg,158965
snapshot_2021_11_08_11_52_57_N.jpg,158965
snapshot_2021_11_08_12_06_16_License.jpg,22B7773
snapshot_2021_11_08_12_07_53_License.jpg,2XZ136
snapshot_2021_11_08_12_30_17_N.jpg,184125
snapshot_2021_11_08_12_39_20_License.jpg,9G14040
snapshot_2021_11_08_12_39_46_License.jpg,LCK 5217
snapshot_2021_11_08_12_46_12_License.jpg,2286777
snapshot_2021_11_08_12_50_22_License.jpg,P957791
snapshot_2021_11_08_13_02_28_License.jpg,9F57597
snapshot_2021_11_08_13_02_29_N.jpg,W39303
snapshot_2021_11_08_13_10_13_License.jpg,2469112
snapshot_2021_11_08_13_12_47_N.jpg,221371
snapshot_2021_11_08_13_20_23_License.jpg,AV 4243
snapshot_2021_11_08_13_26_16_N.jpg,209 607 3300
snapshot_2021_11_08_13_26_17_N.jpg,209 607 3300
snapshot_2021_11_08_13_26_18_License.jpg,TL8631
snapshot_2021_11_08_13_26_19_License.jpg,TL8631
snapshot_2021_11_08_13_26_19_N.jpg,209 607 3300
snapshot_2021_11_08_13_26_23 (1)_N.jpg,P5190115
snapshot_2021_11_08_13_26_24 (1)_N.jpg,P5190115
snapshot_2021_11_08_13_32_33_License.jpg,XP92788
snapshot_2021_11_08_13_36_13_N.jpg,209 607 3300
snapshot_2021_11_08_13_36_14_N.jpg,209 607 3300 
snapshot_2021_11_08_13_38_29_License.jpg,6PJ2321
snapshot_2021_11_08_15_15_41_N.jpg,23
snapshot_2021_11_08_15_27_57 (1)_N.jpg,231448
snapshot_2021_11_08_15_27_57_N.jpg,231448
snapshot_2021_11_08_15_27_58_License.jpg,P931670
snapshot_2021_11_08_15_27_59_N.jpg,231448
snapshot_2021_11_08_15_36_01 (1)_N.jpg,2200102
snapshot_2021_11_08_15_36_02_N.jpg,2200102
snapshot_2021_11_08_15_38_21_License.jpg,YP25553
snapshot_2021_11_08_15_39_38_N.jpg,1 800 PICK UPS
snapshot_2021_11_08_15_40_42_N.jpg,EJGZ 102189
snapshot_2021_11_08_15_40_43 (1)_N.jpg,EJGZ 102189
snapshot_2021_11_08_15_41_30_N.jpg,9088
snapshot_2021_11_08_15_46_11_License.jpg,9D69309
snapshot_2021_11_08_15_50_05_License.jpg,XP76784
snapshot_2021_11_08_15_50_06_N.jpg,210
snapshot_2021_11_08_16_01_59 (1)_License.jpg,9F67461
snapshot_2021_11_08_16_01_59_N.jpg,841731
snapshot_2021_11_08_16_05_45 (1)_License.jpg,U463809
snapshot_2021_11_12_11_32_59_N.jpg,529081
snapshot_2021_11_12_11_36_35_License.jpg,XP75522
snapshot_2021_11_12_11_36_35_N.jpg,003'
snapshot_2021_11_12_11_38_19 (1)_License.jpg,TH7633
snapshot_2021_11_12_11_38_19 (1)_N.jpg,209
snapshot_2021_11_12_11_42_53_License.jpg,WP02316
snapshot_2021_11_12_11_45_27_License.jpg,YP25553
snapshot_2021_11_12_11_45_28_License.jpg,YP25553
snapshot_2021_11_12_11_50_16_N.jpg,P5190353
snapshot_2021_11_12_11_51_16_License.jpg,XP72886
snapshot_2021_11_12_11_57_53_License.jpg,4TR4531
snapshot_2021_11_12_11_57_54_License.jpg,4TR4531
snapshot_2021_11_12_11_57_54_N.jpg,925 400 9094
snapshot_2021_11_12_12_02_53_N.jpg,94
snapshot_2021_11_12_12_03_08_License.jpg,9F13926
snapshot_2021_11_12_12_03_09_License.jpg,9F13926
snapshot_2021_11_12_12_03_11_License.jpg,9F13926
snapshot_2021_11_12_12_04_31_N.jpg,771033
snapshot_2021_11_12_12_07_11_N.jpg,P5190353
snapshot_2021_11_12_12_13_10_License.jpg,2386211
snapshot_2021_11_12_12_13_11_License.jpg,2386211
snapshot_2021_11_12_12_13_27_License.jpg,9F81343
snapshot_2021_11_12_12_13_29_License.jpg,9F81343
snapshot_2021_11_12_12_18_39_License.jpg,P957791
snapshot_2021_11_12_12_18_40_License.jpg,P957791
snapshot_2021_11_12_12_18_40_N.jpg,246266
snapshot_2021_11_12_12_19_20_N.jpg,US DOT 198110
snapshot_2021_11_12_12_54_25_License.jpg,4LH6287
snapshot_2021_11_12_12_54_26_License.jpg,4LH6287
snapshot_2021_11_12_12_54_59_License.jpg,XP76797
snapshot_2021_11_12_12_56_53_License.jpg,9G34045
snapshot_2021_11_12_13_02_31_License.jpg,WP05809
snapshot_2021_11_12_13_06_26_N.jpg,PTLZ087959
snapshot_2021_11_12_13_10_52_License.jpg,2928808
snapshot_2021_11_12_13_24_55_License.jpg,9F91370
snapshot_2021_11_12_16_03_28_N.jpg,126383
snapshot_2021_11_12_16_03_30_N.jpg,126383
snapshot_2021_11_12_16_23_45_License.jpg,5T327K2
snapshot_2021_11_12_16_24_13_N.jpg,1 800 GoFedEx
snapshot_2022_02_25_10_44_03_License.jpg,48833J3
snapshot_2022_02_25_10_49_52_License.jpg,XP60032
snapshot_2022_02_25_10_49_54_License.jpg,XP60032
snapshot_2022_02_25_11_08_03_N.jpg,PT5713
snapshot_2022_02_25_11_12_47_License.jpg,PB10726
snapshot_2022_02_25_11_18_49_License.jpg,21478T2
snapshot_2022_02_25_11_18_50_License.jpg,21478T2
snapshot_2022_02_25_11_25_40 (1)_N.jpg,6862
snapshot_2022_02_25_11_28_06_License.jpg,3083234
snapshot_2022_02_25_11_39_31_License.jpg,3125374
snapshot_2022_02_25_11_50_02_N.jpg,524749
snapshot_2022_02_25_11_50_12_N.jpg,480492
snapshot_2022_02_25_12_10_03_License.jpg,2839261
snapshot_2022_02_25_12_10_04_License.jpg,2839261
snapshot_2022_02_25_12_10_04_N.jpg,1800359
snapshot_2022_02_25_12_19_13_License.jpg,7NBD647
snapshot_2022_02_25_12_19_14_License.jpg,7NBD647
snapshot_2022_02_25_12_24_21_License.jpg,2791802
snapshot_2022_02_25_12_31_03_License.jpg,8RHU864
snapshot_2022_02_25_12_38_40_License.jpg,4CLK191
snapshot_2022_02_25_12_43_13_License.jpg,8UDD629
snapshot_2022_02_25_12_46_17_License.jpg,CB00Y44
snapshot_2022_02_25_12_47_19_License.jpg,7XTE8C0
snapshot_2022_02_25_12_54_25_License.jpg,7TVK315
snapshot_2022_02_25_13_08_21_License.jpg,70571P2
snapshot_2022_02_25_13_10_05_License.jpg,39031L2
snapshot_2022_02_25_13_29_08 (1)_License.jpg,XP60032
snapshot_2022_02_25_13_29_08 (1)_N.jpg,101
snapshot_2022_02_25_13_43_18_N.jpg,380246
snapshot_2022_02_25_13_50_31_License.jpg,YP36736
snapshot_2022_02_25_13_51_57_License.jpg,2660116
snapshot_2022_02_25_13_52_17_N.jpg,LW1328
snapshot_2022_02_25_13_52_18_N.jpg,LW1328
snapshot_2022_02_25_13_53_38_N.jpg,53104
snapshot_2022_02_25_14_01_29_License.jpg,9E96877
snapshot_2022_02_25_14_43_14_N.jpg,820743
snapshot_2022_02_25_14_44_29_N.jpg,XP48649
snapshot_2022_02_25_14_44_31_License.jpg,XP48649
snapshot_2022_02_25_14_44_31_N.jpg,XP48649
snapshot_2022_02_25_14_45_36_License.jpg,3EY026
snapshot_2022_02_25_14_48_55_License.jpg,95239H2
snapshot_2022_02_25_14_49_40_License.jpg,2791802
snapshot_2022_02_25_14_58_16_License.jpg,8G68149
snapshot_2022_02_25_15_20_47_N.jpg,X6280
snapshot_2022_02_25_15_20_48_N.jpg,X6280
snapshot_2022_02_25_16_11_16_License.jpg,9E28423
snapshot_2022_02_25_16_11_17_N.jpg,245
snapshot_2022_02_28_10_24_45_License.jpg,096767A
snapshot_2022_02_28_11_15_40_License.jpg,A301960
snapshot_2022_02_28_11_15_53_License.jpg,8HRU864
snapshot_2022_02_28_11_15_57_License.jpg,8UDD629
snapshot_2022_02_28_11_29_49_License.jpg,26147R2
snapshot_2022_02_28_11_42_58 (1)_License.jpg,2259LT
snapshot_2022_02_28_11_42_58 (1)_N.jpg,PRTZ088048
snapshot_2022_02_28_11_42_58_N.jpg,PRTZ088048
snapshot_2022_02_28_11_43_10_License.jpg,4RR5306
snapshot_2022_02_28_11_44_02_License.jpg,08023P1
snapshot_2022_02_28_11_50_14_License.jpg,4KE1914
snapshot_2022_02_28_12_02_16_License.jpg,P752720
snapshot_2022_02_28_12_02_16_N.jpg,FEDZ553183
snapshot_2022_02_28_12_02_17_N.jpg,FEDZ553183
snapshot_2022_02_28_12_14_12_License.jpg,30679W2
snapshot_2022_02_28_12_31_13_License.jpg,U666669
snapshot_2022_02_28_12_39_33 (1)_N.jpg,PTLZ087966
snapshot_2022_02_28_12_44_12_License.jpg,79722S2
snapshot_2022_02_28_12_44_57_License.jpg,XP04536
snapshot_2022_02_28_12_49_10_License.jpg,U633550
snapshot_2022_02_28_12_49_10_N.jpg,866 347 2260
snapshot_2022_02_28_12_49_11_License.jpg,U633550
snapshot_2022_02_28_12_51_33_License.jpg,79722S2
snapshot_2022_02_28_13_02_21_License.jpg,XP60032
snapshot_2022_02_28_13_06_12_License.jpg,30679W2
snapshot_2022_02_28_13_51_58_License.jpg,8UXA545
snapshot_2022_02_28_14_03_48_License.jpg,79459J3
snapshot_2022_02_28_14_04_31 (1)_License.jpg,XP71627
snapshot_2022_02_28_14_04_31 (1)_N.jpg,58
snapshot_2022_02_28_14_34_25 (1)_N.jpg,101
snapshot_2022_02_28_14_34_25_License.jpg,XP60032
snapshot_2022_02_28_14_44_02_License.jpg,8GCN215
snapshot_2022_02_28_14_46_48_License.jpg,4EB620
snapshot_2022_02_28_14_47_09_License.jpg,8ULF410
snapshot_2022_02_28_15_00_44_N.jpg,209
snapshot_2022_02_28_15_11_18_License.jpg,U407823
snapshot_2022_02_28_15_18_45_N.jpg,PTLX087959
snapshot_2022_02_28_17_18_35_N.jpg,101
snapshot_2022_03_01_07_01_49_License.jpg,60146X2
snapshot_2022_03_01_07_02_31_License.jpg,8BVY713
snapshot_2022_03_01_07_08_29_License.jpg,4TTG106
snapshot_2022_03_01_10_01_44_License.jpg,ND 2792
snapshot_2022_03_01_10_06_40_License.jpg,8DAB478
snapshot_2022_03_01_10_08_25_N.jpg,507
snapshot_2022_03_01_10_08_27_N.jpg,507
snapshot_2022_03_01_10_08_30 (1)_License.jpg,YP13988
snapshot_2022_03_01_10_08_30_N.jpg,507
snapshot_2022_03_01_10_20_16_N.jpg,101
snapshot_2022_03_01_10_32_32_License.jpg,2625688
snapshot_2022_03_01_11_54_41_N.jpg,101
snapshot_2022_03_01_12_00_37_License.jpg,90177D3
vlcsnap-2021-10-15-16h11m55s099_N.jpg,S59
vlcsnap-2021-10-15-16h11m59s367_N.jpg,S59
vlcsnap-2021-10-15-16h12m29s875_N.jpg,S59
vlcsnap-2021-10-15-16h12m30s898_N.jpg,S59
vlcsnap-2021-10-15-16h13m51s701_N.jpg,W12072
vlcsnap-2021-10-15-16h13m53s242_N.jpg,W12072
vlcsnap-2021-10-15-16h14m31s922_N.jpg,W12072
vlcsnap-2021-10-15-16h14m38s733_N.jpg,W12072
vlcsnap-2021-10-15-16h14m42s702_N.jpg,W12072
vlcsnap-2021-10-15-16h14m57s925_N.jpg,W12072
